{
  "timestamp": "2026-01-16T12:40:17.202468",
  "seed": 42,
  "elbow": {
    "optimal": 150
  },
  "youden": {
    "optimal": 0.2110816848455586
  },
  "tissue_threshold": {
    "optimal": 0.1
  },
  "bootstrap": {
    "mean": 0.1453980172204368,
    "std": 0.011245180981641687
  },
  "entropy": {
    "means": [
      0.7777041792869568,
      0.6017348766326904,
      0.8815009593963623
    ],
    "stds": [
      0.06275156140327454,
      0.10136164724826813,
      0.043010953813791275
    ]
  }
}