{
  "tile_size": 224,
  "n_tiles": 500,
  "blur_threshold": 0.22723741208197173,
  "tissue_threshold": 0.3,
  "stain_means": [
    0.778984785079956,
    0.6650512218475342,
    0.876609206199646
  ],
  "stain_stds": [
    0.09627992659807205,
    0.13526496291160583,
    0.05457165837287903
  ]
}