{
  "timestamp": "2026-01-19T14:13:20.811213",
  "random_seed": 42,
  "tile_count": {
    "optimal": 500,
    "method": "elbow",
    "elbow_point": 125
  },
  "blur_threshold": {
    "optimal": 0.22723741208197173,
    "method": "youden_j"
  },
  "tissue_threshold": {
    "optimal": 0.3,
    "method_a": 0.0,
    "method_c": 0.1,
    "method": "consensus"
  },
  "bootstrap": {
    "mean": 0.1453980172204368,
    "std": 0.011245180981641687,
    "cv": 0.077340676280289
  },
  "stain_normalization": {
    "means": [
      0.778984785079956,
      0.6650512218475342,
      0.876609206199646
    ],
    "stds": [
      0.09627992659807205,
      0.13526496291160583,
      0.05457165837287903
    ]
  }
}