{
  "accuracy": 0.95,
  "f1": 0.48717948717948717,
  "auc": 0.6842105263157895,
  "confidence_intervals": {
    "accuracy": [
      0.85,
      1.0
    ],
    "f1": [
      0.4594594594594595,
      1.0
    ]
  }
}